{"cameraMode":{"drawMode":0,"name":"Shaded","section":"Shading Mode"},"sceneLighting":false,"audioPlay":false,"sceneViewState":{"showFog":true,"showMaterialUpdate":false,"showSkybox":false,"showFlares":true,"showImageEffects":true,"showParticleSystems":true},"in2DMode":false,"pivot":{"x":0.00004349311348050833,"y":0.011330220848321915,"z":0.00047846976667642593},"rotation":{"x":-0.03539196774363518,"y":-0.006300453096628189,"z":0.00022334181994665414,"w":-0.9993536472320557},"size":41.376216888427737,"orthographic":true}